guest_id,username,user_location,user_friend_count,user_photo_count,user_profile_picture,elite_user
1,sneakyphilipusername,san francisco,300,100,myurlforprofilepicture,TRUE
2,sneakyphilipusername,san francisco,300,100,myurlforprofilepicture,TRUE
3,sneakyphilipusername,san francisco,300,100,myurlforprofilepicture,TRUE
4,sneakyphilipusername,san francisco,300,100,myurlforprofilepicture,TRUE
5,sneakyphilipusername,san francisco,300,100,myurlforprofilepicture,TRUE
6,sneakyphilipusername,san francisco,300,100,myurlforprofilepicture,TRUE
7,sneakyphilipusername,san francisco,300,100,myurlforprofilepicture,TRUE
8,sneakyphilipusername,san francisco,300,100,myurlforprofilepicture,TRUE
9,sneakyphilipusername,san francisco,300,100,myurlforprofilepicture,TRUE
10,sneakyphilipusername,san francisco,300,100,myurlforprofilepicture,TRUE
11,sneakyphilipusername,san francisco,300,100,myurlforprofilepicture,TRUE
12,sneakyphilipusername,san francisco,300,100,myurlforprofilepicture,TRUE
13,sneakyphilipusername,san francisco,300,100,myurlforprofilepicture,TRUE
14,sneakyphilipusername,san francisco,300,100,myurlforprofilepicture,TRUE
15,sneakyphilipusername,san francisco,300,100,myurlforprofilepicture,TRUE
16,sneakyphilipusername,san francisco,300,100,myurlforprofilepicture,TRUE
17,sneakyphilipusername,san francisco,300,100,myurlforprofilepicture,TRUE
18,sneakyphilipusername,san francisco,300,100,myurlforprofilepicture,TRUE
19,sneakyphilipusername,san francisco,300,100,myurlforprofilepicture,TRUE
20,sneakyphilipusername,san francisco,300,100,myurlforprofilepicture,TRUE
21,sneakyphilipusername,san francisco,300,100,myurlforprofilepicture,TRUE
22,sneakyphilipusername,san francisco,300,100,myurlforprofilepicture,TRUE
23,sneakyphilipusername,san francisco,300,100,myurlforprofilepicture,TRUE
24,sneakyphilipusername,san francisco,300,100,myurlforprofilepicture,TRUE
25,sneakyphilipusername,san francisco,300,100,myurlforprofilepicture,TRUE
26,sneakyphilipusername,san francisco,300,100,myurlforprofilepicture,TRUE
27,sneakyphilipusername,san francisco,300,100,myurlforprofilepicture,TRUE
28,sneakyphilipusername,san francisco,300,100,myurlforprofilepicture,TRUE
29,sneakyphilipusername,san francisco,300,100,myurlforprofilepicture,TRUE
30,sneakyphilipusername,san francisco,300,100,myurlforprofilepicture,TRUE
31,sneakyphilipusername,san francisco,300,100,myurlforprofilepicture,TRUE
32,sneakyphilipusername,san francisco,300,100,myurlforprofilepicture,TRUE
33,sneakyphilipusername,san francisco,300,100,myurlforprofilepicture,TRUE
34,sneakyphilipusername,san francisco,300,100,myurlforprofilepicture,TRUE
35,sneakyphilipusername,san francisco,300,100,myurlforprofilepicture,TRUE
36,sneakyphilipusername,san francisco,300,100,myurlforprofilepicture,TRUE
37,sneakyphilipusername,san francisco,300,100,myurlforprofilepicture,TRUE
38,sneakyphilipusername,san francisco,300,100,myurlforprofilepicture,TRUE
39,sneakyphilipusername,san francisco,300,100,myurlforprofilepicture,TRUE
40,sneakyphilipusername,san francisco,300,100,myurlforprofilepicture,TRUE
41,sneakyphilipusername,san francisco,300,100,myurlforprofilepicture,TRUE
42,sneakyphilipusername,san francisco,300,100,myurlforprofilepicture,TRUE
43,sneakyphilipusername,san francisco,300,100,myurlforprofilepicture,TRUE
44,sneakyphilipusername,san francisco,300,100,myurlforprofilepicture,TRUE
45,sneakyphilipusername,san francisco,300,100,myurlforprofilepicture,TRUE
46,sneakyphilipusername,san francisco,300,100,myurlforprofilepicture,TRUE
47,sneakyphilipusername,san francisco,300,100,myurlforprofilepicture,TRUE
48,sneakyphilipusername,san francisco,300,100,myurlforprofilepicture,TRUE
49,sneakyphilipusername,san francisco,300,100,myurlforprofilepicture,TRUE
50,sneakyphilipusername,san francisco,300,100,myurlforprofilepicture,TRUE
51,sneakyphilipusername,san francisco,300,100,myurlforprofilepicture,TRUE
52,sneakyphilipusername,san francisco,300,100,myurlforprofilepicture,TRUE
53,sneakyphilipusername,san francisco,300,100,myurlforprofilepicture,TRUE
54,sneakyphilipusername,san francisco,300,100,myurlforprofilepicture,TRUE
55,sneakyphilipusername,san francisco,300,100,myurlforprofilepicture,TRUE
56,sneakyphilipusername,san francisco,300,100,myurlforprofilepicture,TRUE
57,sneakyphilipusername,san francisco,300,100,myurlforprofilepicture,TRUE
58,sneakyphilipusername,san francisco,300,100,myurlforprofilepicture,TRUE
59,sneakyphilipusername,san francisco,300,100,myurlforprofilepicture,TRUE
60,sneakyphilipusername,san francisco,300,100,myurlforprofilepicture,TRUE
61,sneakyphilipusername,san francisco,300,100,myurlforprofilepicture,TRUE
62,sneakyphilipusername,san francisco,300,100,myurlforprofilepicture,TRUE
63,sneakyphilipusername,san francisco,300,100,myurlforprofilepicture,TRUE
64,sneakyphilipusername,san francisco,300,100,myurlforprofilepicture,TRUE
65,sneakyphilipusername,san francisco,300,100,myurlforprofilepicture,TRUE
66,sneakyphilipusername,san francisco,300,100,myurlforprofilepicture,TRUE
67,sneakyphilipusername,san francisco,300,100,myurlforprofilepicture,TRUE
68,sneakyphilipusername,san francisco,300,100,myurlforprofilepicture,TRUE
69,sneakyphilipusername,san francisco,300,100,myurlforprofilepicture,TRUE
70,sneakyphilipusername,san francisco,300,100,myurlforprofilepicture,TRUE
71,sneakyphilipusername,san francisco,300,100,myurlforprofilepicture,TRUE
72,sneakyphilipusername,san francisco,300,100,myurlforprofilepicture,TRUE
73,sneakyphilipusername,san francisco,300,100,myurlforprofilepicture,TRUE
74,sneakyphilipusername,san francisco,300,100,myurlforprofilepicture,TRUE
75,sneakyphilipusername,san francisco,300,100,myurlforprofilepicture,TRUE
76,sneakyphilipusername,san francisco,300,100,myurlforprofilepicture,TRUE
77,sneakyphilipusername,san francisco,300,100,myurlforprofilepicture,TRUE
78,sneakyphilipusername,san francisco,300,100,myurlforprofilepicture,TRUE
79,sneakyphilipusername,san francisco,300,100,myurlforprofilepicture,TRUE
80,sneakyphilipusername,san francisco,300,100,myurlforprofilepicture,TRUE
81,sneakyphilipusername,san francisco,300,100,myurlforprofilepicture,TRUE
82,sneakyphilipusername,san francisco,300,100,myurlforprofilepicture,TRUE
83,sneakyphilipusername,san francisco,300,100,myurlforprofilepicture,TRUE
84,sneakyphilipusername,san francisco,300,100,myurlforprofilepicture,TRUE
85,sneakyphilipusername,san francisco,300,100,myurlforprofilepicture,TRUE
86,sneakyphilipusername,san francisco,300,100,myurlforprofilepicture,TRUE
87,sneakyphilipusername,san francisco,300,100,myurlforprofilepicture,TRUE
88,sneakyphilipusername,san francisco,300,100,myurlforprofilepicture,TRUE
89,sneakyphilipusername,san francisco,300,100,myurlforprofilepicture,TRUE
90,sneakyphilipusername,san francisco,300,100,myurlforprofilepicture,TRUE
91,sneakyphilipusername,san francisco,300,100,myurlforprofilepicture,TRUE
92,sneakyphilipusername,san francisco,300,100,myurlforprofilepicture,TRUE
93,sneakyphilipusername,san francisco,300,100,myurlforprofilepicture,TRUE
94,sneakyphilipusername,san francisco,300,100,myurlforprofilepicture,TRUE
95,sneakyphilipusername,san francisco,300,100,myurlforprofilepicture,TRUE
96,sneakyphilipusername,san francisco,300,100,myurlforprofilepicture,TRUE
97,sneakyphilipusername,san francisco,300,100,myurlforprofilepicture,TRUE
98,sneakyphilipusername,san francisco,300,100,myurlforprofilepicture,TRUE
99,sneakyphilipusername,san francisco,300,100,myurlforprofilepicture,TRUE
100,sneakyphilipusername,san francisco,300,100,myurlforprofilepicture,TRUE
